Sequence_num,Sequence_name_S,Sequence_S,Sequence_name_Q,Sequence_Q,Barcode_S,Barcode_S_1,Barcode_S_2,Barcode_S_3,Barcode_S_4,Barcode_S_5,Barcode_S_6,Barcode_S_7,Barcode_S_8,Barcode_Q,Barcode_Q_1,Barcode_Q_2,Barcode_Q_3,Barcode_Q_4,Barcode_Q_5,Barcode_Q_6,Barcode_Q_7,Barcode_Q_8
1,S1,GATTGGAG,Q1,AATCGGCA,11111100,1,1,1,1,1,1,0,0,11111100,1,1,1,1,1,1,0,0
2,S2,GGATGAAG,Q2,TACGGCAT,11111010,1,1,1,1,1,0,1,0,11111010,1,1,1,1,1,0,1,0
3,S3,TGGAGGAT,Q3,TTGGATCG,11111001,1,1,1,1,1,0,0,1,11111001,1,1,1,1,1,0,0,1
4,S4,AGGTAAGG,Q4,TGGAACGA,11110101,1,1,1,1,0,1,0,1,11110101,1,1,1,1,0,1,0,1
5,S5,GGAACTTG,Q5,GGCAATCA,11110011,1,1,1,1,0,0,1,1,11110011,1,1,1,1,0,0,1,1
6,S6,GGTTAGTG,Q6,GAATCCGA,11110000,1,1,1,1,0,0,0,0,11110000,1,1,1,1,0,0,0,0
7,S7,GGAGTTAG,Q7,TTACGGTG,11101101,1,1,1,0,1,1,0,1,11101101,1,1,1,0,1,1,0,1
8,S8,TGTGTGTG,Q8,CATATCGG,11101011,1,1,1,0,1,0,1,1,11101011,1,1,1,0,1,0,1,1
9,S9,TGGCCTAA,Q9,CTTCGGTA,11101000,1,1,1,0,1,0,0,0,11101000,1,1,1,0,1,0,0,0
10,S10,TCGGACAA,Q10,TCCTAACG,11100100,1,1,1,0,0,1,0,0,11100100,1,1,1,0,0,1,0,0
11,S11,ATTGTCCG,Q11,GTAAGCCA,11100010,1,1,1,0,0,0,1,0,11100010,1,1,1,0,0,0,1,0
12,S12,TGTCCGAT,Q12,TAAGGTGG,11100001,1,1,1,0,0,0,0,1,11100001,1,1,1,0,0,0,0,1
13,S13,GCTATTCG,Q13,GGTAAGCT,11011101,1,1,0,1,1,1,0,1,11011101,1,1,0,1,1,1,0,1
14,S14,AGCCTAAC,Q14,TGTGTCGA,11011011,1,1,0,1,1,0,1,1,11011011,1,1,0,1,1,0,1,1
15,S15,GCCTATCT,Q15,GAGCATGA,11011000,1,1,0,1,1,0,0,0,11011000,1,1,0,1,1,0,0,0
16,S16,TGGTGAGA,Q16,TCGAAGTC,11010100,1,1,0,1,0,1,0,0,11010100,1,1,0,1,0,1,0,0
17,S17,CGATCTAG,Q17,GGTGAACA,11010010,1,1,0,1,0,0,1,0,11010010,1,1,0,1,0,0,1,0
18,S18,GTGTATGG,Q18,ACATGCAC,11010001,1,1,0,1,0,0,0,1,11010001,1,1,0,1,0,0,0,1
19,S19,CCGGTTAA,Q19,CCAACAGT,11001100,1,1,0,0,1,1,0,0,11001100,1,1,0,0,1,1,0,0
20,S20,TTGTTCGG,Q20,AGAACAGC,11001010,1,1,0,0,1,0,1,0,11001010,1,1,0,0,1,0,1,0
21,S21,GATCTTGG,Q21,GAACACGT,00000001,0,0,0,0,0,0,0,1,11001001,1,1,0,0,1,0,0,1
22,S22,GTGAGGAA,Q22,GGTCTTCA,11000101,1,1,0,0,0,1,0,1,11000101,1,1,0,0,0,1,0,1
23,S23,AGGAGATG,Q23,AGGTTCAG,11000011,1,1,0,0,0,0,1,1,11000011,1,1,0,0,0,0,1,1
24,S24,AAGGCCTA,Q24,CTAGAGCA,11000000,1,1,0,0,0,0,0,0,11000000,1,1,0,0,0,0,0,0
25,S25,CGTAATCG,Q25,CTTCTAGC,10111101,1,0,1,1,1,1,0,1,10111101,1,0,1,1,1,1,0,1
26,S26,TGAGAAGG,Q26,GAGTAACG,10111011,1,0,1,1,1,0,1,1,10111011,1,0,1,1,1,0,1,1
27,S27,GTCGATGT,Q27,CTAAGAGG,10111000,1,0,1,1,1,0,0,0,10111000,1,0,1,1,1,0,0,0
28,S28,GAAGGACT,Q28,ACGTGTAG,10110100,1,0,1,1,0,1,0,0,10110100,1,0,1,1,0,1,0,0
29,S29,GTAGACCT,Q29,ACTACAGG,10110010,1,0,1,1,0,0,1,0,10110010,1,0,1,1,0,0,1,0
30,S30,CAATTGGC,Q30,TACAGGTC,10110001,1,0,1,1,0,0,0,1,10110001,1,0,1,1,0,0,0,1
31,S31,TCGAATGG,Q31,CTCACATG,10101100,1,0,1,0,1,1,0,0,10101100,1,0,1,0,1,1,0,0
32,S32,AAGGTGCA,Q32,ACTAGGAG,10101010,1,0,1,0,1,0,1,0,00001101,0,0,0,0,1,1,0,1
33,S33,ACGATCGA,Q33,CCATAGGA,10101001,1,0,1,0,1,0,0,1,10101001,1,0,1,0,1,0,0,1
34,S34,AGAATCGG,Q34,GGAGAATC,10100101,1,0,1,0,0,1,0,1,10100101,1,0,1,0,0,1,0,1
35,S35,GGAATGGA,Q35,GCCAAGAA,10100011,1,0,1,0,0,0,1,1,10100011,1,0,1,0,0,0,1,1
36,S36,CCGTATTG,Q36,AAGGCAAG,10100000,1,0,1,0,0,0,0,0,10100000,1,0,1,0,0,0,0,0
37,S37,AAGGAGGT,Q37,AATGTCGC,10011100,1,0,0,1,1,1,0,0,10011100,1,0,0,1,1,1,0,0
38,S38,CTGGAATG,Q38,ATGGAACC,10011010,1,0,0,1,1,0,1,0,10011010,1,0,0,1,1,0,1,0
39,S39,ACGACTTG,Q39,AGAGGCAT,10011001,1,0,0,1,1,0,0,1,10011001,1,0,0,1,1,0,0,1
40,S40,GTTCGAGA,Q40,TGCATAGC,10010101,1,0,0,1,0,1,0,1,10010101,1,0,0,1,0,1,0,1
41,S41,TCCTAGGT,Q41,CTAACGGA,00000100,0,0,0,0,0,1,0,0,10010011,1,0,0,1,0,0,1,1
42,S42,GATGACGA,Q42,TATCGAGG,10010000,1,0,0,1,0,0,0,0,10010000,1,0,0,1,0,0,0,0
43,S43,ATGTCGAG,Q43,CATAGCCT,10001101,1,0,0,0,1,1,0,1,10001101,1,0,0,0,1,1,0,1
44,S44,AACGTGTC,Q44,ATCGAGAC,10001011,1,0,0,0,1,0,1,1,10001011,1,0,0,0,1,0,1,1
45,S45,GGTCAGAA,Q45,GGAAGAGT,10001000,1,0,0,0,1,0,0,0,10001000,1,0,0,0,1,0,0,0
46,S46,GAGTCGAT,Q46,CCAAGTAG,10000100,1,0,0,0,0,1,0,0,10000100,1,0,0,0,0,1,0,0
47,S47,GATGGTGT,Q47,CTGAACAG,10000010,1,0,0,0,0,0,1,0,10000010,1,0,0,0,0,0,1,0
48,S48,AGAAGGTC,Q48,GTAGGTTC,10000001,1,0,0,0,0,0,0,1,10000001,1,0,0,0,0,0,0,1
49,S49,AGGATGAC,Q49,GTATGGAC,01111100,0,1,1,1,1,1,0,0,01111100,0,1,1,1,1,1,0,0
50,S50,GGTAGGTA,Q50,TCGCAACA,01111010,0,1,1,1,1,0,1,0,01111010,0,1,1,1,1,0,1,0
51,S51,GACAAGTG,Q51,CCGCTAAT,01111001,0,1,1,1,1,0,0,1,01111001,0,1,1,1,1,0,0,1
52,S52,TAGGAAGC,Q52,GATTCGCA,01110101,0,1,1,1,0,1,0,1,01110101,0,1,1,1,0,1,0,1
53,S53,TTCAGGAG,Q53,CGATGGAA,00001011,0,0,0,0,1,0,1,1,01110011,0,1,1,1,0,0,1,1
54,S54,GTCATAGG,Q54,AGCAAGGA,01110000,0,1,1,1,0,0,0,0,01110000,0,1,1,1,0,0,0,0
55,S55,GAACGGAA,Q55,CGTAGCAA,01101101,0,1,1,0,1,1,0,1,01101101,0,1,1,0,1,1,0,1
56,S56,AATGGACG,Q56,TGGCAGTA,01101011,0,1,1,0,1,0,1,1,01101011,0,1,1,0,1,0,1,1
57,S57,ATCGGAAG,Q57,CGGTAGTT,00100101,0,0,1,0,0,1,0,1,01101000,0,1,1,0,1,0,0,0
58,S58,AAGACGGA,Q58,TGACTTCG,01100100,0,1,1,0,0,1,0,0,01100100,0,1,1,0,0,1,0,0
59,S59,ACTAACCG,Q59,GAGTGCAA,01100010,0,1,1,0,0,0,1,0,01100010,0,1,1,0,0,0,1,0
60,S60,GTGCACAA,Q60,ACGGTAAC,01100001,0,1,1,0,0,0,0,1,01100001,0,1,1,0,0,0,0,1
61,S61,CCTATCCA,Q61,AAGTGGTG,01011101,0,1,0,1,1,1,0,1,01011101,0,1,0,1,1,1,0,1
62,S62,CTTGGACA,Q62,GGAGACAA,01011011,0,1,0,1,1,0,1,1,01011011,0,1,0,1,1,0,1,1
63,S63,TGGTCAAG,Q63,TCAAGGAC,01011000,0,1,0,1,1,0,0,0,01011000,0,1,0,1,1,0,0,0
64,S64,GAATGAGC,Q64,AAGAGAGC,01010100,0,1,0,1,0,1,0,0,01010100,0,1,0,1,0,1,0,0
65,S65,GAGGAGAA,Q65,CGAGAGAT,01010010,0,1,0,1,0,0,1,0,01010010,0,1,0,1,0,0,1,0
66,S66,GAGATGGT,Q66,ACAGATGG,01010001,0,1,0,1,0,0,0,1,01010001,0,1,0,1,0,0,0,1
67,S67,GAAGTAGG,Q67,AGGAGTCA,01001100,0,1,0,0,1,1,0,0,01001100,0,1,0,0,1,1,0,0
68,S68,CGGCATAT,Q68,CGTGTTAC,01001010,0,1,0,0,1,0,1,0,01001010,0,1,0,0,1,0,1,0
69,S69,CGGAAGAA,Q69,TAGTGTGC,01001001,0,1,0,0,1,0,0,1,01001001,0,1,0,0,1,0,0,1
70,S70,ATTGGTGC,Q70,CTCATGAC,01000101,0,1,0,0,0,1,0,1,01000101,0,1,0,0,0,1,0,1
71,S71,GGTGGATT,Q71,GTATCCAG,01000011,0,1,0,0,0,0,1,1,01000011,0,1,0,0,0,0,1,1
72,S72,GGCTAAGA,Q72,ACGCCTAT,01000000,0,1,0,0,0,0,0,0,01000000,0,1,0,0,0,0,0,0
73,S73,TTAGAGGC,Q73,AACGACCT,00111101,0,0,1,1,1,1,0,1,00111101,0,0,1,1,1,1,0,1
74,S74,CCATTGTG,Q74,ATCAGGCT,00111011,0,0,1,1,1,0,1,1,00111011,0,0,1,1,1,0,1,1
75,S75,CGAGATTG,Q75,CAAGTTCG,00111000,0,0,1,1,1,0,0,0,00111000,0,0,1,1,1,0,0,0
76,S76,TGTGGAAG,Q76,TAGCCAGA,00110100,0,0,1,1,0,1,0,0,00110100,0,0,1,1,0,1,0,0
77,S77,TCTTGTGG,Q77,CAATCACG,00010011,0,0,0,1,0,0,1,1,00110010,0,0,1,1,0,0,1,0
78,S78,CCTTCAGA,Q78,GCAACAAG,00100011,0,0,1,0,0,0,1,1,00110001,0,0,1,1,0,0,0,1
79,S79,CCTCATGT,Q79,CACGACAA,00101100,0,0,1,0,1,1,0,0,00101100,0,0,1,0,1,1,0,0
80,S80,GGAGTGTT,Q80,TACGGAGA,00101010,0,0,1,0,1,0,1,0,00101010,0,0,1,0,1,0,1,0
81,S81,GAAGATCC,Q81,CGACAAGA,00100000,0,0,1,0,0,0,0,0,00101001,0,0,1,0,1,0,0,1
82,S82,AGTGGAGA,Q82,CGAAGTGA,01101000,0,1,1,0,1,0,0,0,00100101,0,0,1,0,0,1,0,1
83,S83,TAGTAGCC,Q83,AGCTGGTA,00110001,0,0,1,1,0,0,0,1,00100011,0,0,1,0,0,0,1,1
84,S84,GAGATCAG,Q84,AACTAGGC,00101001,0,0,1,0,1,0,0,1,00100000,0,0,1,0,0,0,0,0
85,S85,TGAAGGCA,Q85,CAGCAAGT,00011100,0,0,0,1,1,1,0,0,00011100,0,0,0,1,1,1,0,0
86,S86,TCCGATGA,Q86,ACGAGGTA,00011010,0,0,0,1,1,0,1,0,00011010,0,0,0,1,1,0,1,0
87,S87,ACGAATCC,Q87,CATCTTCC,00011001,0,0,0,1,1,0,0,1,00011001,0,0,0,1,1,0,0,1
88,S88,TAAGACCG,Q88,CCTGAATC,00010101,0,0,0,1,0,1,0,1,00010101,0,0,0,1,0,1,0,1
89,S89,TCTATGGC,Q89,TGCAGACT,00110010,0,0,1,1,0,0,1,0,00010011,0,0,0,1,0,0,1,1
90,S90,CAAGGATG,Q90,AGATGTGG,00010000,0,0,0,1,0,0,0,0,00010000,0,0,0,1,0,0,0,0
91,S91,TCAGAACC,Q91,AGTTCGAC,00001101,0,0,0,0,1,1,0,1,10101010,1,0,1,0,1,0,1,0
92,S92,TCATGTCC,Q92,ACAACCTC,01110011,0,1,1,1,0,0,1,1,00001011,0,0,0,0,1,0,1,1
93,S93,ACAAGACC,Q93,CATGGTAG,00001000,0,0,0,0,1,0,0,0,00001000,0,0,0,0,1,0,0,0
94,S94,GTTAGACG,Q94,CGTATCTC,10010011,1,0,0,1,0,0,1,1,00000100,0,0,0,0,0,1,0,0
95,S95,CTGGTGTA,Q95,CCTAGTTC,00000010,0,0,0,0,0,0,1,0,00000010,0,0,0,0,0,0,1,0
96,S96,TAGACGAC,Q96,CAAGAGTC,11001001,1,1,0,0,1,0,0,1,00000001,0,0,0,0,0,0,0,1